,cv_avg,cv_public_LB,cv_private_LB,score_public_LB,rank_public_LB,score_private_LB,rank_private_LB
0,0.06791737433880474,0.06809266828779832,0.06603874785263127,0.0642229,433,0.0750398,113
