,cv_avg,cv_public_LB,cv_private_LB,score_public_LB,rank_public_LB,score_private_LB,rank_private_LB
0,0.0678175889732333,0.06791262811255114,0.06592116969617878,0.064135,183,0.0748987,40
