,cv_avg,cv_public_LB,cv_private_LB,score_public_LB,rank_public_LB,score_private_LB,rank_private_LB
0,0.06782435013064961,0.0678784306639132,0.0659268171059744,0.0641336,181,0.0749581,58
