,cv_avg,cv_public_LB,cv_private_LB,score_public_LB,rank_public_LB,score_private_LB,rank_private_LB
median,0.06886017994058323,0.0686196921947677,0.06702649956246556,0.0653607,3257,0.0763265,2839
lgb_raw,0.06789629636745617,0.06804596774818125,0.06604747472038222,0.0643716,763,0.0752874,501
lgb_raw_sub_col,0.06799943319519078,0.06809984936262109,0.06612788744632167,0.06448,1406,0.075371,680
lgb_raw_inc_mon,0.06781958804675778,0.0678555759809647,0.06591516374223441,0.0641573,232,0.0750084,81
lgb_raw_inc_mon_rm_outlier,0.06782451088816974,0.06787460824721422,0.06592743737106437,0.0641336,181,0.0749581,58
