,cv_avg,cv_public_LB,cv_private_LB,score_public_LB,rank_public_LB,score_private_LB,rank_private_LB
0,0.0677473813232559,0.06780903129421208,0.06581064315325096,0.0641527,225,0.0749282,50
