,cv_avg,cv_public_LB,cv_private_LB,score_public_LB,rank_public_LB,score_private_LB,rank_private_LB
0,0.06778453109518094,0.06781744925870568,0.06584413989155173,0.0641632,242,0.0749579,58
