,cv_avg,cv_public_LB,cv_private_LB,score_public_LB,rank_public_LB,score_private_LB,rank_private_LB
0,0.06774636439541443,0.06780759033288844,0.06581152815722305,0.0641527,225,0.0749282,50
