,cv_avg,cv_public_LB,cv_private_LB,score_public_LB,rank_public_LB,score_private_LB,rank_private_LB
0,0.06778329207337862,0.06782854508604849,0.06584811341090224,0.0641632,242,0.0749579,58
