,cv_avg,cv_public_LB,cv_private_LB,score_public_LB,rank_public_LB,score_private_LB,rank_private_LB
0,0.067825345182836,0.06787149194888653,0.06591772570586048,0.0641573,232,0.0750084,81
