month,orig_tar,residual
1,0.010156675,-0.000376945
2,0.007987604,-0.00059822
3,0.002207322,-0.001765894
4,0.00233476,-0.001806338
5,0.003502309,-0.001251994
6,0.004119609,-0.001219147
7,0.006593756,-0.001046696
8,0.008,-0.000955004
9,0.0109,-0.000595923
10,0.0109,-0.000399863
11,0.0119,7.60E-05
12,0.01,-0.00053525
